,D_NO_PRED,D_NO_TRUE,D_NO2_PRED,D_NO2_TRUE,D_PM10_PRED,D_PM10_TRUE,N_NO_PRED,N_NO_TRUE,N_NO2_PRED,N_NO2_TRUE,N_Ox_PRED,N_Ox_TRUE,N_O3_PRED,N_O3_TRUE,N_PM10_PRED,N_PM10_TRUE,O_NO_PRED,O_NO_TRUE,O_NO2_PRED,O_NO2_TRUE,O_PM10_PRED,O_PM10_TRUE,S_NO_PRED,S_NO_TRUE,S_NO2_PRED,S_NO2_TRUE,S_Ox_PRED,S_Ox_TRUE,S_O3_PRED,S_O3_TRUE,S_PM10_PRED,S_PM10_TRUE,W_NO_PRED,W_NO_TRUE,W_NO2_PRED,W_NO2_TRUE,W_PM10_PRED,W_PM10_TRUE
2020-01-03 00:00:00,179.31856382441256,149.4827,72.2149504754703,56.696456999999995,61.13684873102565,51.521755,50.35597109414306,23.94473,48.59572254186651,39.334070000000004,57.95014581157434,48.952038,8.381117904243023,9.617968,34.85750955172788,30.923414,84.98981813556674,69.61164000000001,52.99142912131146,44.132984,50.97201630729979,46.388459999999995,138.5854652769152,127.765305,56.37656692021692,42.72917,66.09656504150519,46.26652180000001,4.3231678623264385,3.5373517999999997,62.63566737476049,56.982330000000005,73.62557642648152,68.96669,53.16072027586836,41.950268,47.980798010066664,45.637370000000004
2020-01-04 00:00:00,192.0969120855961,201.86283999999998,71.6538100984532,66.76679,62.58473057471789,52.611362,55.54247842551096,47.548733,47.98629879795115,43.03236,54.82250169654313,49.6503376,7.962647711949601,6.6179776,38.461176443312596,34.16807,93.74733366113338,80.3438,51.23091319446725,47.897724,51.392785120407645,37.184284000000005,142.63137664451352,164.57578,55.97678842928993,48.308884,60.088308489887005,49.5306214,4.30378936305965,1.2217374,67.93877156513406,57.270626,84.5288221137654,90.75924,52.983480820770296,49.09033,50.63145073896661,38.993320000000004
2020-01-05 00:00:00,84.93621937305733,123.44113999999999,62.3490080162932,52.037859999999995,41.30857465933334,40.98976,24.436237334213846,43.761047,40.48919055752559,35.74735,54.34811165109047,56.448545,13.515216483154761,20.701195000000002,28.081236189664036,28.522641999999998,46.958180336599966,55.09021800000001,47.45975376844261,42.12787,41.246910820089056,35.905117,68.26543243685302,104.96646000000001,47.88683839161738,39.910446,59.21924475510898,44.7039946,10.477305315023182,4.793548599999999,46.89820985498084,51.025585,33.79742950975309,70.73845,44.74609815518911,42.618286,32.61830643938334,38.22685
2020-01-06 00:00:00,35.656122084943384,20.640348,37.099275174896036,32.097057,24.24548191646155,16.188208,5.108461103332936,0.87367994,15.585920451773028,13.998879999999998,66.30121883500622,69.536863,47.35122502587697,55.537983,15.997645815328386,7.430358999999999,12.171555175800002,2.9938542999999997,24.15928064651638,21.19696,24.297220620138898,16.606459,16.82751444306418,6.429479,22.86374976454635,20.614932999999997,67.21168359923325,66.742989,42.901737651255196,46.128056,20.166739051340997,13.068683,9.256250401174075,2.1271150000000003,18.91730004313725,17.250006,17.883839064749996,12.079635000000001
2020-01-07 00:00:00,111.73716794743245,49.834843,66.19863094368917,49.63948,49.007625884974324,29.436284999999998,32.380285607114786,4.461232,44.95824563234837,30.543589,60.177446358010556,53.053993999999996,15.216702677049911,22.510405,34.07867382693221,19.976086,56.90319753209998,17.482567,49.56686435758196,37.69271,46.877698628244964,30.604795000000003,86.57992189316768,41.744762,51.747164329240576,36.684886999999996,65.36374833345843,50.433712,10.87732209229064,13.748825,48.834335101532545,32.939518,46.15222332222226,15.019895000000002,48.07424954333338,37.704322999999995,41.79692058633332,25.352188
2020-01-08 00:00:00,131.14432103307223,159.33142,69.45958879743615,64.12843000000001,58.23140094087176,53.685145999999996,42.89487992067609,57.206230000000005,48.82664279625693,44.953682,58.64376891621598,49.827115,9.291737773756644,4.873433,36.86284635427272,36.821315999999996,64.60528916800004,76.36454,53.112665556967194,49.06305,47.45766647228687,53.981754,99.10519499710145,156.9123,56.6189204899901,51.383633,65.78907037625092,53.8219434,5.866828871866584,2.4383103999999998,59.85838742313218,58.984269999999995,60.60789500611107,72.04359000000001,52.5854069827311,48.599033,48.17632744753337,44.888523
2020-01-09 00:00:00,118.09455150047866,170.93782,64.83045242324181,64.87026,50.61186521712817,48.381896999999995,39.54261975364442,51.966457,44.852833500748616,44.594982,58.408447380232005,49.308564,10.903385703326702,4.713582,35.29764123060295,35.41299,59.79163976326664,87.60087,48.68390017363389,51.32696,46.346774566503875,46.789978000000005,98.88275332028986,177.47025,50.81020472919133,52.263424,64.08552045902744,54.37495620000001,7.50784055402561,2.1115322,50.96908547844833,57.865140000000004,52.121125767469145,94.224464,47.67520296946079,49.558234999999996,40.29756386050005,44.134921999999996
2020-01-10 00:00:00,130.8996423896867,163.49233999999998,69.62713184625895,66.33663,53.6469804531795,67.240555,46.75486347170931,72.86865,47.0577520780536,49.650459999999995,55.91370673505411,54.15479000000001,10.140084708828258,4.50433,31.542338115879453,48.367977,68.16320405969047,96.50112,52.566001385655724,54.775130000000004,50.07237804126623,73.73369,92.65820705186339,132.31711,52.734743334023676,51.554615000000005,65.1898315375706,53.4900743,6.416936284042275,1.9354593,55.578734377538304,64.95553000000001,59.44690380401231,102.17607,50.628432348529415,53.51138,38.74109008056666,57.298016000000004
2020-01-11 00:00:00,152.83588089995652,154.74074,66.90400779131821,61.825607,50.87891168661534,53.2289,47.04686977922562,50.4801,45.608326074665094,42.477493,54.28148109823316,47.991822,7.598409059898764,5.514329,32.176203957812,42.885498,70.4842570758667,70.94099399999999,47.73068938668033,48.775234000000005,46.920325241886715,51.62097,118.86119147619048,159.93748,53.055641780374785,50.124207,60.83476007350084,53.270624100000006,4.812667455118169,3.1464171000000003,57.80585227921453,64.31597,68.97468611314812,81.46451,48.778508869607826,47.0037,39.17481467086667,45.110165
2020-01-12 00:00:00,84.80037136836386,94.81347,57.08970948580266,51.574104,35.76026807202565,40.723354,12.805197866338455,23.787746,34.9280262942418,31.092014000000002,56.41846213901871,54.003812,23.431690395604,22.911798,24.294931805557656,25.634468,44.85305988963329,39.444946,46.52567661154373,37.272090000000006,38.546503760001784,40.849026,67.76237360527949,83.056076,45.331633086439844,36.98433,62.99062747311139,48.950817,17.160603189131578,11.966486999999999,39.37506557476054,50.168533000000004,29.138873690370378,39.67494,40.11726331168068,36.511223,29.419426223533296,32.491646
2020-01-13 00:00:00,93.83409074595293,65.44445,55.20344385711647,45.311913,40.30129697569227,29.861776000000003,26.35944755507859,8.119493499999999,37.801096420685575,31.482796,52.34205325625887,45.45236,10.110973826624996,13.969564000000002,30.304822794430805,22.639826,49.42686566056667,23.014874,43.341202467554645,34.984062,40.53403643139068,28.177256,81.74741813871638,54.2474,44.46045820300791,33.87135,54.07770404888621,41.5598485,7.339325249670175,7.6884985,47.41323938036396,35.389559999999996,42.73495448839507,25.686754,41.899336712549044,35.27165,34.97824165256664,27.042002
2020-01-14 00:00:00,134.93264701331597,165.15263000000002,66.87955098841535,64.23272,54.9934851624102,59.957397,39.23383339971305,61.924503,47.64751043037827,46.679157000000004,56.90514909838683,52.0475004,8.30935517577083,5.3683434000000005,35.52560974185461,37.097359999999995,66.22823407676664,83.52959,49.603037895423526,49.939552,46.86062041397514,60.127586,106.49531575051765,127.81336999999999,52.03561161706115,47.533073,63.02889638517354,50.238094,5.418955756082206,2.705021,58.53981434818004,58.096504,57.103390439074076,77.11545,51.87817487401958,49.082695,44.26742803783332,44.530025
2020-01-15 00:00:00,95.84641740091392,46.32136,53.27279038730364,45.042190000000005,49.38485123205128,47.552048,25.69238400033411,30.91313,39.32171701402682,43.128409999999995,51.82913541807626,48.175142,13.820453643020095,5.0467319999999996,44.67008207689417,48.595078,48.269813541633376,29.384047,46.01834391811085,45.211987,52.38698426361112,49.411846000000004,71.31448690579708,29.049090999999997,45.157936108284005,39.725452000000004,50.95826081379918,41.8076234,9.753403972189847,2.0821714,47.82404607198272,46.410090000000004,35.551753744814796,24.602058,40.855060240931365,40.71115,46.11726318596668,45.867252
2020-01-16 00:00:00,84.13809692106179,52.07292,52.0295633147526,47.643887,54.18821141358978,46.133423,20.893944110357705,39.726135,41.33858052194642,45.53435,53.5556606486971,49.89021260000001,14.345944591409873,4.3558626,46.36755960137605,50.397984,47.90091273786665,32.807194,46.58321140908474,46.518159999999995,52.61155710658549,49.627167,58.086104726293954,34.83014,46.43940842677516,41.629204,53.1299501884262,43.033390399999995,11.76582182205137,1.4041864,50.40549910057474,45.01843,29.13583738009258,34.125465000000005,41.42232625256303,43.983982,49.50480314233326,46.717754
2020-01-17 00:00:00,123.13992977554396,110.130104,71.72838767688104,60.84508,50.68849948184615,74.17872,41.156428466509425,93.93047,47.54483832407408,53.359676,57.617992645005316,57.721279700000004,11.041023092836058,4.361603700000001,34.21905180628897,65.55811,65.34926060715719,83.01111999999999,52.24136795771857,55.19347,49.55902249980339,88.252464,94.03294657463769,80.684494,53.71303484344185,51.28203,64.38896114069814,52.3579149,6.476425313295533,1.0758849,53.49858763448273,67.86798,54.59219455882716,84.53594,50.93163483480391,55.235966000000005,40.34767097483333,69.467384
2020-01-18 00:00:00,70.33770904007828,76.46363000000001,44.75954640209413,41.813423,39.14560337625642,37.085896000000005,19.818916844941047,34.17069,36.38847356548466,36.559204,47.67573686946893,41.0462965,11.794033250928493,4.4870925,35.77860688590787,39.151184,41.17970013430001,33.95169,39.76878460498635,36.855995,37.880894334339835,37.441143,46.53564715336438,41.04908,36.08968814383629,31.5618,46.5407467657354,34.5422995,9.933263072898493,2.9804995,38.601212584243314,37.129185,24.83254748910494,32.833645000000004,34.468422615882346,34.62852,36.23133269473331,37.460148
2020-01-19 00:00:00,53.56343454208008,30.362616,39.258983321388556,33.133945000000004,38.10144952964102,32.891125,20.317991645782236,11.853356,33.72463598207251,30.504265000000004,43.30059731070373,34.1442825,11.519287110509687,3.6400175000000004,36.779213862377105,37.87402,33.943649107799985,10.960961,34.098356262978136,31.220049,36.42545078974207,32.71983,34.124525687774344,12.508458000000001,32.34625553308678,28.141147999999998,40.88240710432301,29.7537015,11.189238122074563,1.6125535,36.87392104468388,32.359207,20.907195808660493,8.372795,32.21604322059522,28.318157,38.10546657206665,34.256607
2020-01-20 00:00:00,55.41649047362929,39.053665,46.31122523212617,34.47677,30.924105536153817,33.918079999999996,12.726636059697329,12.360483,30.712144433806174,25.969069,58.45449151635942,45.133067,23.548454664900326,19.163998,19.531751577159262,25.151657,25.394263921626678,14.021082,38.53180417390713,26.762945000000002,37.83918253415766,37.082996,40.769415937104405,19.600932999999998,37.97006036765284,26.045698,62.01026638777641,38.808543,17.470932700558897,12.762845,32.18127259669539,27.793915000000002,19.598540543018512,16.663006,31.672921678872562,27.810833000000002,23.010958317433314,29.851694000000002
2020-01-21 00:00:00,115.99289433990431,83.41369,66.75133287677703,55.060154000000004,42.71345929071793,34.08925,31.46592727861634,20.309145,43.04048413695822,37.52339,57.34614355146358,52.551542000000005,13.717612184573083,15.028151999999999,30.52397472975949,23.72257,62.14537978549994,34.241917,50.68450889856555,42.125793,45.83707106156742,35.116318,102.5385548395445,61.84936999999999,51.80296364536486,42.590571999999995,63.12247296096852,49.084888,7.68634817033709,6.494316,46.182610965948285,34.824387,46.6753217895679,28.642042,48.20657973622554,41.64163,35.48199396113332,24.856071
2020-01-22 00:00:00,99.02056335339428,121.594955,60.86966714500965,54.678368000000006,46.2582305823077,44.144993,25.53757187116744,32.26979,43.04016829751771,40.612656,54.741623082492644,48.277654999999996,12.761931164304867,7.664999000000001,34.84629281182038,33.295288,50.67746422413332,55.911274,46.131398847677595,45.539806,46.547920777660536,43.080104999999996,75.30166501801244,104.78808000000001,49.997407606311675,40.095203000000005,55.68198768483857,45.939728,10.27068316569549,5.844525,47.01526919649698,44.539326,36.98151659759259,57.579823,44.99667441459385,43.03463,38.852217020900014,36.589386
2020-01-23 00:00:00,67.44279517119229,103.54047,53.29736380028346,47.21304,56.435235914153836,45.298878,17.074337712692596,35.14995,42.759203492080374,34.287085999999995,55.759905395515716,40.9841375,17.021299613074117,6.6970515,42.99222859239925,36.1389,42.85332677003814,39.621371999999994,47.44741231290983,37.096806,52.62415476270563,33.154457,41.77163871661491,95.74146999999999,45.26009619876726,39.098682000000004,55.817818342962084,42.8696569,15.022972967255633,3.7709748999999997,49.40789541345788,45.29629,25.841179144827155,44.65713,43.31240961186275,36.919014000000004,49.87142632079997,38.234486
2020-01-24 00:00:00,104.12159706214099,106.416046,62.42788832908193,55.480959999999996,45.66318953825641,48.081577,33.10884841374605,43.89065,42.016515380338866,40.79714,56.4297708639355,47.761605,10.819697027224374,6.964465,36.36146362231375,39.485985,53.193908055833305,60.45007,46.37626294590164,47.581272,45.086365302398974,49.494167,83.52548620445137,78.135284,49.09013018648915,44.603905,58.06619186093623,49.007632,11.133102863854885,4.403727,47.6543360510057,46.871704,47.794297530722226,53.832516000000005,46.0381548319118,44.942345,38.79763797186666,41.672215
2020-01-25 00:00:00,117.36123003350734,69.03541,51.36647771393558,47.031765,56.2608684825641,39.35687,37.394952889976445,37.412098,40.95808154188337,39.313778000000006,51.886600570430204,42.977601,12.563835021825893,3.6638230000000003,47.5010358002795,40.083088000000004,72.45941048691672,24.99619,45.44314193237707,40.074753,57.798442331944436,37.468502,87.5301865456521,55.94566999999999,43.10512185586784,39.40177,51.971692075080725,41.1053735,9.909327509824685,1.7036035,53.12623001408047,39.363483,56.275594412716075,34.2147,39.864475382156876,39.593544,52.83925880086668,39.079547999999996
2020-01-26 00:00:00,77.19337911657969,62.67454,51.4571381763357,42.957996,44.67457039558976,50.889057,25.142659800066834,45.656246,40.91256541599687,39.78917,56.33835658156868,43.7762384,11.543822602969943,3.9870684,41.86941345340919,54.25156,40.515797530433346,32.101948,45.13764619570648,39.458003999999995,41.537076544760104,50.1022,54.48714081832299,35.724762,42.251318433974355,35.605682,58.01033599695117,37.000719,8.91479712564724,1.395037,44.16993804367819,47.168095,31.870633131820963,38.970528,43.225835425931336,38.047207,42.781336671266686,51.87729
2020-01-27 00:00:00,87.0487877502611,30.779144,44.32044740223088,30.404928,42.1743170814359,38.58186,25.778696236930045,24.069687,36.1833648964933,30.58833,51.08928830065921,34.50952120000001,12.044575204011148,3.9211912000000004,44.030916512523326,44.639507,47.20096410773334,18.978525,38.88348981831575,30.772139000000003,47.3572838238023,40.882298,85.45028804456527,21.00768,39.194262846893494,27.278229,50.055783436125125,28.6743284,10.749099029983586,1.3960993999999998,45.30559172221542,38.883106,43.00079058315741,20.128225,36.047585385294134,28.583115000000003,41.434548459766674,42.271008
2020-01-28 00:00:00,60.82122459590949,81.367165,49.873084174373645,42.009933000000004,40.12220110871793,49.81483,14.974091156125345,49.003975,37.25692636493301,36.562614,53.49990621548303,41.17514900000001,13.648922636862121,4.612535,34.54641289249805,51.99811,31.112740713228604,46.319088,39.83078928640709,38.221775,39.110815710953524,44.60261,31.087331984544512,47.140254999999996,36.942038141617346,31.170353000000002,53.96708412836561,32.5078602,10.992839520315165,1.3375072000000001,40.37383178466745,43.98079,21.984317850493838,48.139107,38.95926165245097,37.342556,36.772564610100005,45.900555
2020-01-29 00:00:00,79.24755731314188,73.97330500000001,57.3104370546485,51.116184000000004,29.1797855476923,38.088913,16.840750681399374,22.293894,34.61920427186761,32.482693,53.542622456693444,50.447123,17.85860732225751,17.96443,18.112695610547043,27.581055,45.98085021579999,28.407625,45.8607242751073,41.629913,28.732801052920298,36.286118,49.06528824296069,38.208767,45.597934306572306,38.66333,57.29797189117028,47.208877,13.40134572271428,8.545547000000001,30.68821116185,32.991904999999996,21.812187187956788,29.539565999999997,38.562432667205876,38.67508,21.61695811425001,31.45079
2020-01-30 00:00:00,85.55422270413403,51.40911,58.811408714028964,48.97617,31.657098304948697,29.816209999999998,12.77021391803853,15.150747,33.500956273207244,30.605596999999996,58.666364007503375,57.763415,23.14455984008146,27.157818,23.24601058035471,17.856417,41.06318088136667,21.812769,46.0720665349727,37.625595000000004,36.207733761304134,43.98653,48.58290786563146,31.349657,45.42493721341222,39.6866,60.79920575619454,54.587934,13.90287827107018,14.901334,31.24637072337163,30.583153000000003,21.47812994290122,15.73841,35.752775137107854,35.877773,24.71552646416669,23.807472
2020-01-31 00:00:00,94.30259366552902,95.06321,66.55815144616848,63.762283,42.64455977958976,42.587658000000005,17.62922086465803,13.9253435,41.78947596923339,38.893184999999995,61.1135153353407,60.407414,21.62636502942609,21.514229,27.777069995288684,20.82917,44.95286135860003,48.022890000000004,50.03149591359287,45.544388,45.205357441415295,66.03355,63.327021697545085,78.15349,51.86654056997046,48.233265,66.71420444058515,62.15620500000001,14.916834809889728,13.922939999999999,44.3599988736111,35.724514,34.320421012345655,25.941976999999998,47.53210598793418,45.032143,34.32519097393336,27.189608000000003
2020-02-01 00:00:00,122.1120992895561,157.53888,69.61094909486205,81.7962,45.89665146712825,78.77209,34.11447993126969,34.181385,44.88995889436563,51.844584999999995,64.28846666703035,63.80857500000001,19.586289238058622,11.963989999999999,28.634182058836984,34.723843,65.54780916668331,82.696365,52.48464922554644,58.1425,51.14211465021826,111.51089499999999,98.86508357608697,136.69814,55.74926233885611,65.05139,67.89487300514523,66.350522,11.334307679600256,1.299132,46.308718349425256,78.2257,57.24189290948144,61.332726,52.20158249230393,62.282963,36.007738707533285,58.881640000000004
2020-02-02 00:00:00,71.9919946443429,67.43241,55.740461006267665,50.157140000000005,34.334331178820534,34.722507,13.438375652260223,17.060509,32.70745655614657,33.023228,62.19508332844594,56.650086,30.590950721865227,23.626858,22.255615384239945,22.25546,38.677948911533306,29.632713,44.103453586133874,37.428528,40.34818331612557,38.133762,56.60278994756731,58.921116000000005,45.58696907465484,38.869587,66.51330663292973,52.229708,19.26536327410151,13.360121,37.91886783314173,39.122386999999996,26.95293077407408,28.07483,39.27293870584736,29.625465000000002,27.020563526900002,23.3673
2020-02-03 00:00:00,50.463793912445546,38.596767,44.3153622718004,44.930409999999995,33.051311103999986,27.965621999999996,12.822555541084903,4.346801999999999,30.130280630496493,25.90854,61.78999925368978,54.683421,29.483640601790608,28.774881,22.10853541781137,17.322796,22.73048285405001,13.417160999999998,36.460864869672115,28.766665999999997,36.53872429896645,31.58393,44.39729352122151,23.948671,41.052899378451706,31.997364,66.04149154630747,49.81732,21.38132530865289,17.819956,33.61231093405173,26.955793,22.319523003657412,8.654653999999999,34.15360963897059,32.128468,25.729038014833304,21.74961
2020-02-04 00:00:00,62.897736126631905,77.69355,54.36729666947779,49.0196,26.886843985025635,33.678905,11.236583083608503,14.157725,28.861891370007935,23.273962,62.204294368562365,59.602572,33.348088099024686,36.32861,14.614982345014942,12.620197000000001,30.937525410216672,24.269243,39.293188043784156,26.469309999999997,27.859626339357863,29.87787,32.84257086915116,51.63749,39.31145882071007,36.356358,66.27284673046815,58.396818,26.70289898109524,22.04046,25.221047256800777,30.778593,15.937108011666657,24.505213,34.074603115098085,29.846125,19.088771080066675,19.828156
2020-02-05 00:00:00,41.44704725948653,36.42549,36.62489277233256,43.30281,21.68200018895969,17.953108,4.881441605943064,1.3694791000000002,18.580231838270276,19.544056,61.75723555060936,65.756012,39.28603733463966,46.211956,14.161147500475229,9.313851,14.757177697333324,7.8321119999999995,24.928623604644812,21.486045999999998,20.58927024575938,20.234013,19.32553504061077,8.637146000000001,24.73067332756411,29.95392,67.85754860660212,63.41835,38.762190973143674,33.46443,19.22627878211207,12.627127999999999,9.172434052259254,4.6553035000000005,21.113508806281505,28.03262,15.521281143149997,12.097614
2020-02-06 00:00:00,29.004217475805035,20.350832,30.01895707132854,22.483686,20.606876818820503,14.465299,2.676973378844341,0.28839153,11.733346289538998,3.2584345,69.66712853157802,72.93615449999999,55.66811689168298,69.67772,9.775384500920328,5.8485336,9.691344773189043,3.573268,17.872955515505463,8.86542,16.93179056137121,11.327099,11.260891661625259,4.6551204,17.308018694575935,12.584035,72.17347578482644,68.54138499999999,49.3744655153759,55.95735,15.635151482471263,9.115947,6.831190035956789,1.0237195,13.262782590504903,8.167482000000001,11.990088956546666,8.500518
2020-02-07 00:00:00,51.51974886962577,50.990165999999995,47.35293526848406,51.255962,23.86501768887179,21.076427,4.2679905329853005,4.300557,23.232481623246656,22.290676,71.27189073780035,72.076436,50.26648638429798,49.785759999999996,14.36883928354733,13.931223999999998,25.861439726903367,20.849498999999998,35.55273876311473,31.826086,26.08879957560427,27.7183,23.91784558602484,32.621544,32.91282802795858,39.13163,77.16824329802253,72.12545,39.19879541465539,32.99382,21.71249585363985,22.854088,8.639886247570375,5.3491599999999995,27.388292078019607,27.484102000000004,15.259629962450004,12.928696
2020-02-08 00:00:00,81.30139630474325,74.71648,63.514763563618835,61.641212,38.80125602241026,36.006687,13.530542717786954,11.901342,39.04216626343575,39.173970000000004,68.07728067978297,59.877072,30.343686862266786,20.703101999999998,27.955363367852325,26.44507,39.33748539033339,34.301173999999996,46.69629705799182,40.383396000000005,43.656331444561346,42.278477,58.52559778333333,73.739235,49.035856922781086,50.618942,69.78473811037124,62.75753949999999,19.223880433904775,12.138597500000001,39.519342000526834,42.709885,28.614045868857993,22.08963,45.06552036446081,47.55574,32.781123111966636,30.957559999999997
2020-02-09 00:00:00,75.08134158899045,46.139416,59.120974734500784,52.081720000000004,42.77498706830769,30.385832,15.695274539021229,5.986669,39.113844553861306,33.796547,64.40804988762522,57.358662,24.125439577097477,23.562115,30.770538996560298,23.612871,38.15690441170003,16.288923,45.189921884221306,33.442986,47.665741969710716,33.338528000000004,59.731588234989594,47.800575,46.85230275867851,39.39472,68.17301508165859,53.352164,16.89593522256392,13.957444,44.56935240009579,33.368393,29.95805561944444,16.346745000000002,45.19641161622553,43.199417,35.9568373894333,27.661834999999996
2020-02-10 00:00:00,66.56237473583553,56.731476,55.74481779489299,50.928253000000005,43.96153276538464,38.6449,16.315311515652507,6.4293375,37.74889012561071,30.866339,60.78027339379759,53.469315,19.130856562204023,22.602976,30.30881278545484,29.120134000000004,32.82349985130002,17.172639999999998,45.54179442554648,34.71475,47.8502145936844,38.434917,61.43999692080744,44.02284,44.076886013609524,37.009842,65.32217885891846,49.218819,14.817706344430668,12.208977,47.136225618007664,39.83032,32.630111285469155,18.13755,43.57707156132356,41.870470000000005,37.47565568793331,33.764175
2020-02-11 00:00:00,38.87773856412093,14.031870999999999,35.87662594765239,28.769817,21.04112610287181,23.064837,6.827082908873433,1.3514894,17.52346509042554,23.547586,68.83305439712899,72.04038,52.399152027385874,48.492794,12.81964840039031,17.059683,21.12654905179667,11.305803,28.5243240672131,30.44537,22.953120457978894,36.71901,23.91237505250519,11.399305,27.386403683234715,35.84605,71.09746793244548,70.275238,43.73343682137843,34.429188,19.668513185392722,28.684997999999997,8.835191921364203,0.46287158,16.915307356176477,14.825335,12.388082232019991,17.628782
2020-02-12 00:00:00,34.61162570979115,21.699747,35.66357225252963,30.889546999999997,17.46674880687179,24.191023,3.7805245936474074,0.39104667,14.929325649696592,10.43587,71.42173280135414,75.71719999999998,54.85495660390972,65.28133000000001,9.424245523607821,9.780869500000001,12.250960746749989,3.2562252999999997,21.418203807855175,13.959276000000001,14.935317636688675,15.540195,13.762373838198762,10.913198,22.154420756656798,20.402655,74.04893212421307,73.362933,47.481092923322876,52.960278,13.864253624616856,14.326538000000001,6.053752612907407,1.0423657,16.33269874392857,16.458609,9.766160762135717,11.096179
2020-02-13 00:00:00,50.840621045039185,75.042946,48.21796962927199,56.620290000000004,26.497042697230764,31.51158,5.459599644424522,6.7164035,24.0204294719464,30.676392,71.63582457224122,72.719414,47.123919423272824,42.043022,15.331062400084347,12.999531,26.456782330356702,32.00789,35.03591845389344,39.632793,25.677210803178212,32.121803,22.99126764336438,57.22231,32.97007316928006,43.484386,75.17002389891039,76.356086,39.020539219906,32.8717,23.075047903113045,30.245178000000003,9.259397646185189,9.887016000000001,27.461640961631662,32.857113,20.78721507606667,15.395636999999999
2020-02-14 00:00:00,86.87508625783298,74.93087,64.80185566568962,65.320435,40.866644116153864,38.898586,18.425475577539327,8.988026,41.03227130445231,39.01847,65.72202574472708,62.98751600000001,24.75719943224971,23.969046,28.322642974130048,24.199173000000002,43.184519769666665,18.454107,48.75986305792349,40.390465,46.78496010212595,33.92201,55.77924446304348,53.76404599999999,50.44765901602572,47.765987,70.28713269033496,62.601558,17.49839742008146,14.835571,42.394631801867824,37.450115000000004,34.16484905753086,17.35237,47.17919070612746,49.79893,35.607319502399974,28.682122999999997
2020-02-15 00:00:00,49.42888770661448,59.650130000000004,47.36375755621948,57.825134,25.316980315102565,32.04172,5.9603905998494495,5.9108167,22.63849799003152,27.7297,70.6128434856279,66.682154,45.92717938405294,38.952453999999996,15.97863944155982,18.8857,19.20604411566429,24.872239999999998,31.981761539275958,32.909966,25.833888852634296,32.20245,18.99145896185299,31.331004999999998,32.21081152381655,39.783046999999996,73.48236365843421,67.03760700000001,39.27035409603131,27.254559999999998,22.639615096599606,30.222746,10.088583859351862,17.511717,28.843709868529384,39.933323,18.943909388066682,25.201126000000002
2020-02-16 00:00:00,72.1977489432985,37.284245,56.21081244906966,52.741905,32.34712588399997,22.216406,10.580276576652908,2.625223,33.72106958715527,27.149465999999997,65.49787712001104,62.13510599999999,30.175289585171743,34.985640000000004,21.255648245224826,16.01414,36.437528750350005,10.111805,43.29277645129782,31.602247,36.3925484786111,24.029505,53.98794331325049,26.675938000000002,44.48659866602562,39.634567,69.69154351049224,61.05702,21.202416321258152,21.422453,32.192655023515314,27.029083,27.759147107777782,7.334166000000001,39.966272568872604,40.745056,27.525320772333327,19.665121
2020-02-17 00:00:00,68.22626517114881,35.922424,54.667104919244395,45.17747,36.73058564405129,24.9607,12.88787733670203,4.272256,35.506947176241155,23.53652,62.20279368822955,54.724129000000005,21.2185363703547,31.187609000000002,25.81276510452494,19.767797,31.22077960116669,9.381383999999999,43.838485445013674,28.581740000000003,42.98108734667028,27.155866999999997,63.5953622641822,31.281902000000002,44.41947816597638,33.986855,65.8910849198749,50.541434,15.605357694469514,16.554579,40.13514564760537,28.295847,31.722805747827174,10.984444,42.57054815181371,36.538837,31.434657640733313,23.547712
2020-02-18 00:00:00,86.80155074525669,87.02351,63.003140554905336,59.5616,40.08087735338462,47.95241,13.417219899241354,13.886919,38.94174447836885,33.405018,66.59807560762052,53.237476,27.183423236782776,19.832458,27.070445741493174,28.295668,41.89235655353338,29.737213,48.40567888326501,38.831955,48.4700783580739,40.14624,59.85546233985509,73.08749399999999,50.422954019970426,44.727955,70.55276871866425,60.103641,19.44801463015331,15.375685999999998,40.6779184019636,44.343914,32.028464184417984,30.858978000000004,44.44057313142158,46.152966,34.028611391733314,35.40562
2020-02-19 00:00:00,59.277298087206255,56.910965000000004,56.03705881129282,52.578365000000005,30.32609894897434,37.360363,8.036481924443796,5.3245873,28.305172539164705,27.482998,69.68054137906007,62.261826,41.97376250741117,34.778828000000004,19.763234335966708,18.751696,27.46099976333666,19.909853,37.517861441666646,33.114357,32.21714025334712,35.529808,29.0438057388199,30.358605999999998,37.82024985754437,33.684628000000004,71.26574181432612,58.965266,31.14839922469424,25.280638,28.722024728160925,30.952719000000002,13.297640436277764,14.339269,34.3438772862255,38.098022,24.33361267910003,27.219538
2020-02-20 00:00:00,55.26303166349003,41.477146000000005,49.86294340764671,48.001293,25.57883798476923,21.411116,6.985494276364778,3.8247705,28.489631273798278,28.749384000000003,62.04654389185894,57.542908,34.507440916023285,28.793523999999998,16.18110847009672,15.472037,27.034629504783386,10.129119000000001,37.5298772183743,25.67711,24.516723174496754,20.845781,25.73553881863354,11.2335415,37.629051662919125,33.311607,67.91458514404765,57.948297,28.306351001891404,24.636689999999998,24.405603595306538,18.30438,12.507557303259249,6.5191349999999995,32.16638975808823,32.485607,19.12568937756667,16.306656
2020-02-21 00:00:00,77.30852764412532,57.57955,62.13573553698483,51.04952,32.457571689692315,30.897540000000003,9.344479617800706,8.121017,32.71691661075654,24.16359,68.37037016120578,60.8571,32.279933987759385,36.693509999999996,21.64492166025882,15.661102,35.98115382348334,15.682148000000002,43.664873103961774,31.390806,36.54297345894122,29.160278,47.324396243167726,33.266476000000004,47.937667771794885,38.438488,71.6107174177563,59.358816,20.11578271772056,20.920328,32.834050421791154,24.878622,22.89842063401542,17.460402,39.5169122657353,33.748978,25.882262327799992,19.670176
2020-02-22 00:00:00,44.78909535152304,48.309917,41.348248313395636,48.544228000000004,23.807775554051286,28.243979,4.328349010063679,1.67682,16.966523500472793,18.576483,71.6589131543417,65.115763,50.84940226483462,46.53928,14.450840188535773,13.071023,16.679647252173346,11.786325,25.83154559521855,24.811522,22.9001643577363,20.475145,18.997401988291916,31.455582,25.35171915488166,32.96539,74.47643186133975,62.758244,45.47661449714493,29.792854,20.945075302083332,22.336157,8.749542384759263,6.9663515,21.304232108039226,31.538057000000002,17.637342445283327,16.148138
2020-02-23 00:00:00,76.94796268450824,35.0467,59.85582961199813,48.931354999999996,39.660804053230805,21.237928,15.56405292743712,3.5433595,38.00630469081955,30.587788,71.6539083526635,62.37980699999999,32.658256598105794,31.792019,27.537347053022,17.771267,42.33923463253335,10.829678999999999,45.08622213777322,31.461626000000003,43.70660312645379,21.471970000000002,64.90059537360248,23.8358,47.84154038653845,36.70968,74.57743023438248,58.266616000000006,19.798997497682965,21.556936,42.08281588323754,24.767471,32.4911581841358,9.120184,46.14698212622552,40.956444,33.58508775333335,19.801727
2020-02-24 00:00:00,81.93463640474326,48.93204,57.92320342385455,52.80154399999999,39.47124255364104,28.834421000000003,22.169204580507046,4.3680606,37.32043186670609,32.14343,70.14531053160323,57.455419000000006,25.466327241283658,25.311989,26.182440341155786,18.935759,42.85597125486665,11.550199000000001,45.69666646420768,36.132214000000005,44.39394045789504,23.649794,73.40109479906837,43.267990000000005,50.04918161321504,39.50076,71.69810792996367,54.40563100000001,14.534580581266178,14.904871,41.100790893151334,35.998055,39.86112015708517,13.956953,44.817742364068586,43.35532,32.70498212606665,21.936111
2020-02-25 00:00:00,49.28754126105306,33.250454,41.900497251358864,43.618664,23.62258478969232,25.598485999999998,7.099438116864003,0.7778338,19.75597867511031,12.973371499999999,73.0236429992833,71.8760965,50.97858783707552,58.902725,13.957072759583173,11.7366495,21.024319113527607,8.667852,29.281665814549196,25.702717,24.584017325815296,21.581808,28.9782972479296,19.544756,30.263225959072997,29.313198,73.70484394733654,53.281036,43.22430602959649,23.967838,21.01983393797892,22.293497,9.490373512530864,3.1966822,21.11109329931373,23.032536999999998,14.578313416461453,14.846751999999999
2020-02-26 00:00:00,59.391496840905134,55.913284,51.47213076017407,37.0897,29.367048613721625,27.323180999999998,8.913643770954398,7.103325999999999,26.828907828684017,22.12828,69.29286988128824,56.39395,39.85840799469654,34.26567,18.057239230842516,19.796747,29.90072210988331,22.205364000000003,38.34905627301914,28.01124,30.75119258862211,27.121912,28.92409238804347,35.22473,38.45305260355028,29.425413,71.81031704384583,53.393251,30.51058444243023,23.967838,28.61053558960727,28.617508,14.079997004999997,19.282625,30.922697263823537,25.812775,22.024846680066688,21.764715
2020-02-27 00:00:00,63.00895200354349,26.734268,50.81484625293281,44.581825,24.750680614384624,16.700603,7.507474278455983,1.0774198999999998,28.857347901418414,20.70616,58.42335489951835,65.285845,31.630538379700617,44.579685,15.892183039622855,12.245144,30.834017591566692,8.826865,38.26791263856364,31.00696,23.435360976975115,17.130892000000003,27.321580968944115,8.858964,39.711459940581854,30.87872,57.58591251605329,60.471242,29.384048607648285,29.592522,23.98304411575672,15.611981,13.477090801074072,1.5823405000000001,30.649112102906148,24.441686999999998,17.22200596353334,12.036394999999999
2020-02-28 00:00:00,47.01448727326244,37.87916,44.44712780977225,36.798004,29.22352419487182,23.743267000000003,5.631574401688285,10.79577,24.005157384042562,24.542667,72.10679581462588,68.798725,46.08722646124856,44.256058,21.067766160098817,15.900951999999998,22.682769757700004,10.79807,33.46874687575135,22.431829999999998,27.726439026919195,19.185553,24.098080383074528,12.997204,31.552159297781063,22.470201,72.93283492840997,61.02828099999999,39.442259943295745,38.55808,26.944915786350563,16.390162,10.824421083271613,12.425896,26.481429142990205,25.206035999999997,20.120582409533352,15.864826999999998
2020-02-29 00:00:00,31.332725100435212,20.072569,33.062410746195425,27.422804,17.786781200000004,13.514370999999999,2.175670861283611,0.65828836,12.594808043853423,12.182528,73.3567167818752,76.324893,59.29228230124657,64.142365,10.429858136234087,7.942805,9.756144295039043,5.073161,20.10125441372949,18.011003,16.035119830819266,13.427253,10.651279083379917,5.048987400000001,18.852532075641008,16.141676,77.12383334205008,74.75680600000001,55.9476255845238,58.61513000000001,13.783842411206905,11.655435,5.390874818375313,1.1707284,14.484835509227608,12.626378,11.077981370416671,7.030394
2020-03-01 00:00:00,45.19021715213228,24.376007,51.35203022142521,43.082043,25.45257457453847,17.671606,4.634755379182388,2.3733132,26.22695611962171,30.021292,72.76442327379762,65.839148,50.08887620780883,35.817856,16.655380738339595,16.121138000000002,18.126731620378575,5.520615,36.993457698155744,25.987267000000003,28.2969492722475,17.085535,27.92824804865424,6.602085000000001,39.62042807845167,31.322529,77.01402885686029,67.516429,39.48184940030075,36.1939,25.042106645662276,17.12986,8.71376042807407,3.0067146,31.087516193725488,32.234676,18.462120331333335,16.375635
2020-03-02 00:00:00,19.534871755221932,18.508842,27.876770000027282,34.867443,22.91518448689744,12.693242,2.4559778370047143,2.2709231,17.552803883175752,24.025671,72.54286760020366,66.03085899999999,53.864071772825945,42.005188000000004,16.565486268970194,13.618172,12.502522281573325,2.5295753,17.85497864553279,15.064256,24.312854743567822,12.867307,12.515182150403726,3.6364946000000002,21.34743176628627,16.890007,75.5848387355529,72.09835700000002,49.982049588408124,55.20835,22.07851443295021,11.827832,4.814012607001855,2.2821276000000004,19.535099908259788,23.977713,20.14979069396667,11.798217999999999
2020-03-03 00:00:00,46.27057302419499,31.43595,50.31851662036314,42.980872999999995,26.674060438564105,23.715792,6.3699782009944945,1.995745,23.42119016098163,18.483171,72.06377331941118,66.004453,48.510272912838616,47.521282,16.710811281607878,10.961656,17.015550349070015,9.598533,32.69618198927596,22.525957000000002,27.957884740635112,17.454454000000002,23.274349068426517,8.946239,32.226257009418134,26.767464,73.87255128886201,66.933598,40.99982191599373,40.166134,26.691809859722238,18.181334,10.432028118932106,2.6069226000000003,28.22671546852941,19.341114,20.52007673006668,11.663837
2020-03-04 00:00:00,46.65630500992167,36.950993,44.457194909382075,36.391791999999995,20.942359630241754,15.174632999999998,4.797728851717766,1.2004974,20.074840539550824,10.641231,68.74195773454055,63.50153100000001,50.18881905482897,52.8603,12.981806456818736,8.108144,14.955015372183333,8.279736,26.822494002117484,17.543825,22.20916834722582,14.017139000000002,20.557848294937887,8.947759,29.27230070167653,21.108083999999998,73.05158956620262,60.235972,47.01852325820178,39.127888,20.51362658002873,12.683926,7.4910333894321,2.9748697,22.15427947333333,17.904923999999998,15.568392323583325,9.888852
2020-03-05 00:00:00,34.32046471083549,29.157736,37.55182217324766,37.614371999999996,19.355965130871805,20.269083,3.1218282060444142,0.5820585,13.157913938928274,9.792079,75.66029702481971,80.02302900000002,59.30813812229948,70.23095,10.80463881786606,9.279304,12.363536424599026,4.488987,23.45577547527322,16.915029999999998,18.76792247995563,16.816107000000002,11.180877598778471,34.95093,22.16249515299379,29.86031,80.03866177070216,84.76016700000001,56.16337099309106,54.899857,14.795717945881217,14.0932045,3.4858971029987664,1.6853373999999999,14.667112275864863,18.67379,17.805337147266652,13.007626
2020-03-06 00:00:00,47.44718150861615,52.514033999999995,50.321776741307545,47.934826,27.69472978892308,33.434628000000004,4.43895668387775,4.859393,23.739718725917477,23.93154,75.38282156384429,71.790366,52.060133818374254,47.858826,20.562738167608774,16.801317,18.888302580745226,15.463331,35.61398304959015,23.563102999999998,28.11621598270464,19.673954000000002,21.832152268105585,34.95093,32.18903180295857,29.86031,78.49670855617431,68.45487,44.131817469598985,38.594559999999994,26.437583808429125,22.934510999999997,8.856968007311732,12.497828,29.696277519131655,30.248317999999998,20.82251271703333,18.844595
2020-03-07 00:00:00,59.13501370630981,48.29399,56.07168457799119,54.893112,26.911830853102572,15.798091000000001,7.243036206900548,2.215608,29.666132589046484,30.73173,64.20762947719489,62.611577000000004,38.03786332438772,31.879846999999998,18.36706313476063,12.096547,20.86972964130001,11.331472,38.019100563153806,31.140863,25.418528358320703,14.401323999999999,32.247110129192535,13.450281,38.9532161606509,36.03993,69.93707371220745,65.449075,32.53562659641856,29.409145000000002,26.162876658812277,15.17004,10.952843591055553,4.658835400000001,34.37997478647062,33.999302,21.52114204283333,11.644395
2020-03-08 00:00:00,39.16350323977376,39.371821999999995,46.19470449894622,39.672287,25.317891043230773,18.335855,4.279959096643081,3.3744642999999996,25.294049929342577,18.303322,70.01176742109561,59.168068000000005,45.477308540661575,40.864746000000004,15.8801857196814,11.567337,14.070562871449987,7.705937400000001,31.33336010382513,19.777732999999998,26.43821436603798,18.801638,21.890640695031042,22.767828,34.97429064797827,22.489891,72.27544505887809,55.478260999999996,38.09550910553257,32.98837,24.338931794779718,18.809082,8.050862578444441,6.550606,32.16000745068625,26.882596999999997,19.462184768566672,15.616488
2020-03-09 00:00:00,36.868135715578745,17.686115,42.12431188216971,37.320225,27.541496771282077,18.092604,3.295312568192215,1.6789188000000002,25.201557408983486,16.569525,70.69405796981488,64.651105,42.41114733785856,48.081579999999995,19.864621851361566,13.543454,13.250534043010482,3.9635737,30.877909942076517,21.38387,31.032712304651888,17.584291,22.19225498912008,8.366264,36.94509092416172,27.240894,72.85616442792575,62.63683400000001,31.107935246486193,35.39594,29.154088852367238,17.909945,7.185945833246914,3.0911527000000003,29.707427204117614,29.120990000000003,24.46385505450001,17.079546
2020-03-10 00:00:00,73.29629559960837,47.10818,60.975202859952326,59.289640000000006,33.68228503015387,41.22894,14.790531829099844,5.4382453,31.95680855713164,35.471115000000005,71.13050784496852,68.182712,40.98264124540106,32.711597,26.448324738044658,21.207279999999997,33.527466710336654,17.53961,41.32933892616121,36.505016,36.74980752791355,32.242290000000004,40.98708692598342,38.587627000000005,47.030209218146005,45.2249,73.70064556513317,66.425324,28.402535532048876,21.200423999999998,36.24418304621644,37.680756,26.684151117192584,10.487271,40.88871269700981,45.476303,30.757224060033302,27.22474
2020-03-11 00:00:00,54.83008271344652,44.32721,56.17127365654335,45.72156,28.621789784923077,27.356184000000002,5.74175036171777,4.7301025,26.39954995118203,22.777952,74.2205375267768,66.21224000000001,47.794788607458294,43.434288,17.400813500539822,14.605201000000001,18.096126724428554,16.991055,37.52496473510928,32.624759999999995,29.237133232835504,25.963068,26.1393172999793,21.741497,39.67079774605521,31.49942,78.0428089375706,64.01285,39.25557721458645,32.51343,28.14618500498083,25.601965,9.879405019623453,8.369162,34.14371098534313,31.011374,21.63257622216667,18.218542000000003
2020-03-12 00:00:00,46.50179533646654,52.732209999999995,57.2249169693773,52.807033999999994,28.37204627341025,38.481915,5.5899236885062935,8.102243,26.314984281560264,27.952768,78.31562389836526,60.408331000000004,50.62759073889613,32.455563,17.958246377019492,17.17173,13.545976363796667,16.674679,37.21240181209018,28.861912,30.49992788341452,22.693094,23.324187852587976,35.235443,39.383677855832616,39.25018,79.8951289101694,58.711000000000006,39.63488083155387,19.460820000000002,28.973031848227958,32.257736,10.31939732378394,15.541282,33.99205373289216,38.747295,22.898911425899982,27.560083000000002
2020-03-13 00:00:00,47.16204526723237,62.561737,58.73470921006113,52.695812,31.077193367692306,47.679844,6.096799983966195,4.8873096,28.9475131895587,22.923174,74.26913759273344,62.49864,48.01288266184865,39.575466,22.375769997970096,18.49716,14.179548129373329,24.885427,38.783023014959035,32.311634000000005,33.49947286863719,32.872196,25.305984325258784,42.039787,41.77401638201604,37.94792,74.94250657296205,62.08108300000001,33.51086485121554,24.133163,32.96101414391763,32.159733,12.998853656864195,16.822226999999998,37.4015753602941,39.000294,28.598956821642865,27.715845
2020-03-14 00:00:00,51.74811287158398,31.953097999999997,49.2347792425704,41.727672999999996,23.87732979530769,22.471410000000002,4.823861200631287,2.8948848,23.618180116942447,22.382719,62.051518132799,55.218318999999994,40.13474870376361,32.8356,15.606625827048235,12.754963,16.611415583808586,9.231414,32.75045585034151,24.811186,27.166395836246398,19.940184,18.947605691977223,17.548676,34.961068646351094,31.771952000000002,62.917041423062955,53.144051,35.83863464737468,21.372099,26.09361902696362,19.097279,8.779752101876545,5.2126517,31.47697695387254,27.75426,19.78597085366666,16.054295
2020-03-15 00:00:00,34.82812794786771,17.90779,45.56207889059289,27.376987,27.492949633282077,19.541220000000003,4.272896632106917,2.5568774,23.937298622419245,12.220653,69.61947099414502,59.954673,42.83862214145201,47.73402,19.284914586731738,12.891114,14.198260961078576,4.554682,31.568409127937137,13.878285,30.71299114309785,18.274898999999998,19.198095958033125,6.9274683,33.84994575899548,16.696385999999997,71.70197669245353,54.59776600000001,37.56609536320176,37.901379999999996,27.806864033668603,17.063029999999998,8.620821552524685,3.0627341,32.15428169950982,16.84655,23.325081827166663,15.166691
2020-03-16 00:00:00,27.113267377931127,9.338278,39.31166067848322,22.63251,28.964518980051295,14.760488,2.3941099091804228,0.4413653,20.61140692399525,7.449658400000001,78.32719936084509,74.76732340000002,55.01003814362801,67.317665,24.61716563064678,14.345116,12.328399913569998,1.1965629999999998,27.655431336133887,10.302446,29.432132962687582,14.869731,17.966301599120087,2.4610195,31.82995501139054,14.377123000000001,83.42568362195314,52.278503,48.0725152045865,37.901379999999996,30.06491330775862,16.057697,6.391319070642285,0.16118878,26.42970362852942,12.506912,26.292001941166696,12.768952
2020-03-17 00:00:00,57.372076742341164,33.924774,59.53027286793401,48.04372,30.66116281271795,29.090189000000002,5.692282925569968,4.392637000000001,29.942755080496465,22.547520000000002,77.04489815621908,73.74056,48.57159772944803,51.19304,23.272863922623852,22.22777,19.868194389656626,11.25178,38.65575088954915,25.134054000000003,32.22044632948054,24.875978,30.772567738612846,18.045572,46.792996310453695,33.852833000000004,82.3932717864407,71.75421300000001,30.214208031260647,37.901379999999996,33.461590291714565,30.788635,14.574165233499992,6.2011647000000005,38.540461221715724,34.486202,28.124273079099996,26.684782000000002
2020-03-18 00:00:00,50.492507703698855,33.419346000000004,56.70513556626194,43.04002,31.47381491758974,34.508053000000004,5.460975396411954,2.8334037999999997,26.472799223443655,19.290653,82.28070067850031,75.36448299999999,51.998972426522165,56.07383000000001,22.925298532896004,19.403578,14.628921308433352,9.438332,36.914228046174884,27.350027,33.918277238317096,26.135088,27.944169423602492,23.73893,40.136090635946736,31.23997,83.57828206093616,69.14135,41.6988652792105,37.901379999999996,33.016367856704946,32.336903,12.474925143388889,13.659405,37.18322117142161,29.179401000000002,29.164641844928585,29.215165999999996
2020-03-19 00:00:00,47.90044743999132,26.341883000000003,58.60259874311768,39.943497,31.6398353913846,25.013397,6.4445910147012615,1.7275367,26.858269007052805,14.500329,78.59725909445555,73.255353,52.381189624795866,58.755024,23.61357409251412,16.749739,13.139595103626664,4.4818377,36.736880886270484,18.839134,34.3025059114899,19.50868,27.31754274554863,14.996018,41.044913020759374,30.2872,78.29072752465699,68.18858,40.407058147556384,37.901379999999996,33.88785301834291,25.335777,11.751858946194439,6.0806510000000005,37.00990198161765,26.720184000000003,29.09096632876669,23.547853
2020-03-20 00:00:00,48.332840717624,30.247509,56.60408685083579,39.2902,31.128184460512816,28.625479,6.387036607875673,2.582115,26.167537116351475,17.173496,74.75892798244394,72.19313000000001,48.8315306981752,55.019633999999996,22.536250962103342,21.61704,13.07649793999001,7.2547398,35.454156804781434,20.198383,33.90728474609129,24.121588,25.630424279192543,17.476426999999997,39.19148896060158,26.461270000000003,75.10750288878131,67.70147399999999,39.560852253709264,41.240204,32.56991284142721,26.979082000000002,12.375251923376537,9.358542,36.253836458676496,31.059881,29.431268720766674,29.980290999999998
2020-03-21 00:00:00,46.013671806962584,31.133497,58.67583636111487,42.778079999999996,30.321407399820487,29.787573,5.416570533296272,1.8778225,26.515973892750154,18.20459,82.32837093142466,81.8196,53.60998804569991,63.61501,20.823161311534154,23.570198,11.589478037853345,6.922758,36.73909906810109,21.129284,32.346668732539705,27.584290000000003,23.53317798333333,13.702454999999999,40.789236808284045,27.933802000000004,83.13676294439065,74.285197,40.91966489537593,46.351395000000004,31.037085330268205,27.163504,11.431405056339498,8.202661500000001,36.3029526204902,29.147114000000002,26.637189930466658,28.841147999999997
2020-03-22 00:00:00,28.930749940339435,7.559651400000001,39.307670939454106,23.365204000000002,26.34653243820513,20.177698,2.572069469903694,0.7752150999999999,20.741297511111103,12.52863,67.62097401601875,62.37922,49.14115434533815,49.850590000000004,19.637283975353597,17.520184,10.278470491676654,1.2491232,26.053533795013642,10.572864,27.34592762153516,21.226019,12.504541726739134,2.5984483,29.31212456942801,19.046684,69.49495881357946,59.103504,44.234131271704264,40.05682,26.021396261685826,22.394537,5.525992451154321,0.49980979999999997,26.22231252460787,18.98697,22.58104248036189,20.802108999999998
2020-03-23 00:00:00,22.16168609721499,4.177253,32.81299746832399,8.024886,28.250340322000003,9.551108000000001,1.4409863380279073,0.17247376,13.903026063711577,1.5566073999999999,77.76166327418981,71.9203774,57.249302473070316,70.36377,25.460712122860016,11.008045,8.909011837279037,0.21070029999999998,20.42786990844262,2.4988772999999997,25.64340448089942,10.443746,11.322498027225675,0.934687,21.77526879689347,2.91965,84.61234383506851,70.39168000000002,54.30622776517755,67.47203,25.201677897653255,9.253789,5.20893618603611,0.12872398,19.631013349485293,3.7232602,25.26629243866667,12.437762
2020-03-24 00:00:00,28.294190687989545,12.365494,32.66810597524175,16.046291,23.369364937358988,14.706214000000001,1.8573412820509043,0.19560425,11.038389810027573,1.8513063000000003,79.60264088210761,78.17309130000002,66.33088754995207,76.32178499999999,16.009821397444753,13.506294,9.254471650322378,1.3255202,17.47342516782786,3.9703487999999996,22.79844404475649,12.358329,8.78038879700828,1.4570508999999998,17.806417682790922,5.1283236,85.94949151238902,77.4420286,65.14721060763158,72.313705,18.788526162356323,12.524835000000001,4.154566638334217,0.69369906,13.216299920392157,5.5945540000000005,16.87994129978331,12.862235
2020-03-25 00:00:00,37.891216480417725,18.084618,45.66699492927003,25.733055,27.189182895230786,20.03464,3.481506509894149,0.24154143,16.694934133668244,5.5622487000000005,80.8116118501404,84.2463087,62.0873368944404,78.68406,26.973647359672015,20.05828,12.99867343994333,2.9967642000000003,26.493319264549157,11.360047,26.4820125675036,23.400778,13.59883807793996,3.5111127,25.139685807051254,12.156926,85.41260433531068,83.771236,60.05847403849622,71.61431,25.791563225574706,20.518953,6.7311561288580215,0.4144951,21.077540285098035,10.400986999999999,24.097010921733336,19.569628
2020-03-31 00:00:00,46.06196614033944,11.097218,48.62720702905236,17.830656,25.648255709410247,11.967101,3.5452460003286133,0.45519499999999996,20.33311203963751,4.576719799999999,80.30258720546571,76.25191980000002,59.994047842874174,71.6752,17.669342865671567,10.059171000000001,13.03499856538999,1.6451486000000002,28.93505559521859,6.0556617,24.602491803133113,12.593661,18.059670177536226,1.6961277,31.40119920823472,6.5159845,82.47117805447944,73.61280450000001,54.17063581807644,67.09682,24.19250602940612,12.800508,7.326512164206791,0.44743872,26.493332040168067,8.185858999999999,19.318066123966663,10.053161
2020-04-01 00:00:00,41.37733762641431,18.682306,50.7611138482784,26.543715000000002,29.219714202256416,15.855926,4.059213357641512,1.2149848,22.661605702955075,9.848094999999999,80.1995797298621,76.879551,63.48024636667157,67.031456,25.599375435184097,14.091641000000001,13.399473091923332,2.7843332000000003,30.529092194262276,11.048581,30.150934955804463,14.492042000000001,15.734870170217393,7.740775999999999,33.61056133525643,17.001894,83.41991712158995,77.14394399999999,55.72489943899122,60.14205,28.594170936781612,15.247314999999999,8.01083368693518,2.3452964,31.03968892696078,16.712757,25.890227021566698,14.187299
2020-04-02 00:00:00,55.38234276666672,20.003553,56.05640758902395,31.558393,35.98462988707692,20.549889999999998,5.139186462282235,1.1286985,30.929376297044907,12.738755000000001,81.82675881568288,83.565865,57.35857602236044,70.82711,26.21133359163054,17.316038,17.005922752536673,2.9000711,37.282029312295066,14.605717000000002,34.49640458619032,23.604464,28.07662059395446,8.949794,45.17818732125249,22.888479999999998,84.55318377667474,77.41185,38.50242935109021,54.52336999999999,34.65440104272031,22.89585,12.425215045462954,4.26141,39.09439448117646,20.793561999999998,30.9509343968,20.16656
2020-04-03 00:00:00,42.87765268302874,20.64968,51.2630556032854,36.718834,27.189169849538448,26.937052,4.095661939016508,1.59731,22.7928249429078,15.777835999999999,83.65419683153314,90.519776,70.23425302233123,74.74194,23.021695317613744,21.811745000000002,13.683020983496666,4.587479,34.00630348449451,18.60231,30.073787402038235,24.864466,15.339014593757758,10.721473,34.53118151183432,26.609747,87.05474616037122,83.606117,59.128045790664174,56.99637,27.354658206848665,28.595139,7.8458011248209845,4.9913836,27.731194515931378,27.550859999999997,26.646650650166684,24.47048
2020-04-04 00:00:00,37.48568932397739,27.577156,49.901740892719516,37.87222,25.016255772666657,29.186188,3.692678564560142,1.2606691,19.672671322379813,13.549767499999998,85.91961492164468,95.6881415,71.87272069468841,82.138374,18.502736463581726,22.554567000000002,8.2155282223419,3.4831176,29.41840067575137,18.336567000000002,25.246727878481245,23.829216,14.478451952204969,11.344097,32.61243067426742,24.899567,85.95551418591602,88.572304,58.629541002957346,63.672737,26.062563297427456,30.198133000000002,7.821066504635805,4.7933135,27.51816547411766,24.886797,22.235360621849996,26.770248
2020-04-05 00:00:00,26.51117258959969,12.291546,38.86728688874216,28.488657,25.897435736000006,22.735077,2.0746034990637368,0.7052859,18.361155554058307,14.108108499999998,82.01747048841496,80.3317035,67.60190726168436,66.22359499999999,19.944223874411183,20.5688,6.772347604459995,1.5725833999999999,24.675052259562836,11.21813,27.468187985993215,20.147184,11.382625710538301,1.8450811999999999,28.851012179289988,15.885124,83.59114444338178,80.950804,56.128933589699216,65.06568,26.79604871202106,23.551485,5.304056729566668,0.6788261999999999,26.610455197156888,20.329721,23.86123770266669,22.93804
2020-04-06 00:00:00,17.83890791155353,6.5623759999999995,35.08037177583533,24.6124,26.145550615923078,21.116959,1.1555972201301097,0.63295615,16.543455502600466,11.138848,82.43493537815972,87.658728,67.7569753753529,76.51988,21.640140552192655,22.044271,5.206619839385328,0.804779,21.741363651195353,11.619162,28.644914287288987,21.015818,11.824053938183962,2.733202,28.277657098224868,15.851011999999999,83.14892865028243,79.608952,54.63088860417291,63.757940000000005,29.13025072988504,23.001058999999998,4.559338218233644,0.4886075,23.01019170544119,15.562844,25.203647097519056,22.408035
2020-04-07 00:00:00,37.834828060835505,15.103188500000002,48.00626985961216,35.392296,27.26421851620512,35.710094,3.4721317999550747,1.4720552,17.995176814933004,16.367727,85.36460763829666,92.954487,70.32517428965976,76.58676,23.274372133806963,32.98272,7.855971139586659,4.166764700000001,26.372468455566935,18.283285,28.25530953387382,35.006252,18.23340273638716,8.78191,29.7366225846647,25.087332,88.20448904479423,85.620947,58.97620110466168,60.533615000000005,28.096409881226055,38.732773,7.998245360320985,3.4794104,26.611832495490184,25.662468,26.891496989366647,34.931675
2020-04-08 00:00:00,39.071216178677155,15.119273999999999,49.08275591787381,34.77384,26.205747700512813,31.706540999999998,3.655287440042057,0.9266793,18.522968317888093,14.602768,85.05838435662234,89.43745799999998,72.10791597380305,74.83469000000001,23.782422354804197,29.181787,8.542465443486659,4.5818343,26.471997029508195,17.691122,28.03117896990983,29.552094,19.907233242701867,7.7530913,31.844479403796857,22.610457999999998,88.2848055039144,84.030878,60.396319260162876,61.42041999999999,28.700538051293115,30.750162,7.999805439274699,4.264896,26.30402418553921,25.236013,26.801289746033348,33.043232
2020-04-09 00:00:00,39.599502021845105,19.592807999999998,48.64354372512005,39.424225,26.98174413092307,32.744656,3.687120905994774,1.2196738999999999,18.285864349093767,14.371244,87.8096240095941,92.355334,72.88878997770621,77.98409000000001,22.64720562358157,27.320776000000002,8.707935607416664,6.434211299999999,26.643267244398913,20.67229,28.309441062646105,25.926788000000002,20.62530947815734,17.776329999999998,31.117444281065115,27.39258,88.24170425665864,82.04819300000001,59.693502377243114,54.655613,28.878467312452106,34.40934,8.453799062293212,6.2744064,26.720396654019602,28.683413,25.802776592266664,31.12235
2020-04-10 00:00:00,37.37533171044386,24.665712,49.88563575565633,41.753634999999996,26.043717769948696,39.376736,3.6962517102617913,3.0170369999999997,18.984011453152068,19.070055,90.48228337750513,98.929239,74.5154039854801,79.859184,22.747379398048515,32.81593,6.9715836809033265,6.9456296,27.05171375245901,23.719175,27.293819884453473,33.453857,15.909843136542442,8.487014,31.980207150591745,29.114265000000003,89.40341704204998,85.726135,60.546463151967416,56.611869999999996,28.164688265517235,36.110565,7.366532488237657,6.190521700000001,27.563097593235312,28.753548,25.25742792183333,34.10248
2020-04-11 00:00:00,38.63291724168841,17.948168,47.38925958013445,34.18687,27.756758018102538,30.778269,3.5238292308254695,0.9536024999999999,18.42344217876279,13.182857,91.20876965258181,106.888167,74.03655828096058,93.70531,23.486486757521188,28.72774,6.610065602253798,4.669623400000001,24.856523488183065,18.809195000000003,27.848235580977637,29.459404,17.77875470992754,13.353879000000001,29.388706505078893,23.178675,88.54778077082331,93.387825,60.70884071536342,70.20915,27.3530124591954,32.26003,7.702922912172837,2.6887887000000004,26.027346971176467,21.549625,25.86003054206665,28.94486
2020-04-12 00:00:00,20.14410766808095,6.716725,33.05129772448479,20.600693,25.817232856769234,20.689066,1.5782359715495837,0.7124068,16.038274162194657,9.016831,88.91481164426088,91.549965,70.09667059964873,82.53313399999999,22.90107977903653,21.80934,4.601207163728567,1.6067138,21.14535344323771,10.231098,27.351082807284364,20.935799,10.67329708385093,2.7278056,23.816581920833322,13.811698999999999,88.48306154846651,82.523139,61.080492631541375,68.71144,26.394813451915706,22.616623,4.38639855358642,1.0071665,22.71481257823529,14.806204000000001,24.723048667366662,20.450201
2020-04-13 00:00:00,13.585557142989558,4.5827627,32.79134736581648,20.739470999999998,24.420930600625653,20.262825,0.9353844694654091,0.48336229999999997,14.586409738534286,8.197759,89.31619685380947,94.176529,71.54300410949445,85.97877,22.327081079403808,23.04804,2.795704818416668,0.38065192,16.781600897069673,9.1697235,26.172693461994953,21.785078,6.729920800217395,1.9303150000000002,23.628743633467167,14.501863,87.54429845594835,83.311937,61.78264716335837,68.810074,26.949780530076623,22.209503,2.0485621533962983,0.34968330000000003,18.47992671240198,12.783009,23.393590591028595,19.568857
2020-04-14 00:00:00,35.80280652758921,4.5812893,43.71585683906138,18.428086999999998,23.601320257794878,17.575466,2.57217884794685,0.43310994,17.48118910951929,11.064682000000001,85.84226231670873,94.981712,73.65195354874453,83.91703000000001,16.083326869513854,18.109896,5.923209007086657,0.16246371,25.378447818237714,8.028727,23.277367711500723,18.117445,16.319808233084892,1.6385161,28.346167039595656,11.585983,86.49159975154959,85.99400299999998,61.040336391290694,74.40802,21.899800337920766,19.342234,7.4516423372296305,0.06755323,23.755354572034328,10.287814,18.89688841462002,17.027864
2020-04-15 00:00:00,31.217257855818723,12.39516,37.13336633054312,19.833676999999998,20.5398376103956,15.971807,2.3124774931616687,0.60990673,14.391271620449162,5.513623,81.45739963974722,73.816903,69.91720696336851,68.30328,15.70629007079783,9.89091,7.027526664593336,1.9428363999999998,19.58465587848359,5.9567165,20.443002390386003,12.6551895,8.148936763105587,2.1025014,21.946089589743593,8.147711,80.94020607820823,69.845518,60.837776501301164,61.697807,19.643965760368772,11.480108999999999,3.7937397701759252,0.9606619000000001,17.363830503014693,8.441989,17.794028667683342,10.949346
2020-04-16 00:00:00,43.527733664142765,17.391243,47.66106824760074,33.882225,26.376666693999997,22.089844,3.6384632525117917,2.1459547999999997,20.200577323089036,14.560123999999998,84.28262962519858,79.706574,70.87705758867584,65.14645,20.575276169717576,17.07406,12.208487014206682,4.9807844,27.663525723633878,16.479623999999998,25.85051230077382,23.241722,17.880351822556946,9.613623,32.759671742603544,24.605432999999998,85.21545960314761,71.870363,55.48774996028193,47.26493,25.053587854525862,21.297525,7.740217287675925,3.2026248,27.836224557426462,21.733685,22.741037674366677,19.200810999999998
2020-04-17 00:00:00,35.70577273833768,26.515827,48.27865330185072,41.694153,26.280178077000013,28.730278000000002,3.575843810668238,2.6050553,19.28137234472025,17.761667000000003,89.64687049279561,83.85524699999999,65.26820898033115,66.09358,21.235512727903888,21.600456,7.031177617786658,6.400919999999999,26.33843979726774,21.174856,27.10753438313919,19.083704,16.259725438612833,12.186197,32.29325442302765,28.078217,85.73555354866824,76.54385400000001,46.88427081868422,48.465637,26.308330628352486,25.740122,7.647544040376545,8.875097,27.82939455127452,28.806255,23.910375855533324,25.953879999999998
2020-04-18 00:00:00,36.33910334147086,26.846242999999998,46.357312079773564,38.51851,26.666907208512807,30.418878999999997,3.1559018807154082,2.058831,17.52467884340424,17.315711999999998,91.68760370531726,93.539392,77.54744944514302,76.22368,17.984317790539983,24.046576,7.6951509699866465,7.41211,24.34942117964481,19.382559,24.352034850116333,25.737059,17.69498787484472,15.808883999999999,29.536703465729786,24.149185,88.5505436933414,89.082615,64.79619855964908,64.93343,24.040855064142033,28.865973999999998,6.707871480456788,9.211166,24.43739561514704,27.901365000000002,20.07432209433335,33.077984
2020-04-19 00:00:00,15.532285765709318,8.380548,31.675235166471587,24.546696,25.355342246358997,23.706039999999998,1.2296648566344355,0.63432574,13.505297660953513,11.391737,89.94607561216903,99.095847,74.15905419222779,87.70411,20.87419178542737,23.515142,4.761563874003806,1.7746093,18.47778683611435,12.091265,27.832651374841276,22.625420000000002,8.15483049595238,2.646191,19.958172642110444,14.564739999999999,87.59449491428579,92.81071999999999,63.67639603884711,78.24598,26.456599139224117,23.444344,3.1046885879925026,0.95444167,18.80867242600489,13.318023,22.394317136350008,23.090828
2020-04-20 00:00:00,10.732949750261087,5.4163775,26.4389303374083,13.880531,21.294624244897438,13.423423999999999,0.6770760965257747,0.69398206,10.893898502710805,7.251195399999999,63.69519088070666,64.32406040000001,51.487429733104065,57.072865,19.009531263445613,13.104584,3.1097561804578557,0.5132158,15.07127107657786,6.111056,24.6715907194661,14.198642999999999,3.698434481859214,1.8209418000000002,16.172588028254445,8.1823635,62.49271415050438,53.6806355,47.617200881892224,45.498272,23.86755124736592,15.403019,1.3131237615746914,0.60662276,13.94362399825001,7.9495826,18.602702622216675,12.282295
2020-04-21 00:00:00,31.66722806501307,11.128186999999999,41.76287200581733,23.663610000000002,23.12780819958974,25.327463,3.1307012432295585,0.58839613,17.103522405594948,8.666931,71.460815314938,78.87508100000002,55.25193101209502,70.20815,16.024893137545313,17.147774,7.537459239809998,3.1127317000000003,22.514522329713117,11.686035,24.044236188106044,22.93309,11.723597236946175,2.2966259,26.594110081163716,12.628774,75.04796438868047,80.15257399999999,48.34449715506264,67.5238,22.301993041068016,19.479269,6.063471102358436,1.5239791,22.18569892227941,14.428162,18.984782588539993,19.578865
2020-04-22 00:00:00,29.559051442201902,22.358225,41.291582685379176,31.73105,24.42214555620511,24.729212,3.0287865640157237,1.8312589,16.607264191489353,11.138200999999999,87.41344192982157,75.61839099999997,73.03513750882192,64.48019000000001,20.64876599903914,17.101944,6.779573470919993,3.3577988,21.048449509904376,10.699077,24.854990264666316,18.674797,10.849538624534162,3.950354,25.243146512080866,14.305614000000002,87.10922166283298,77.049881,62.50344821865916,62.744267,22.993490430795017,17.970543,5.48199632710988,4.587280799999999,24.096760400980404,19.232656,22.329748171716663,22.226435000000002
2020-04-23 00:00:00,30.67223181054395,20.321998999999998,43.91237647597205,33.436333000000005,25.997097966820505,26.323349,2.947026874249211,1.8522589,16.41029666921985,12.870510000000001,85.71095630478823,78.95235,73.23924968992566,66.08184,20.533018073074835,18.4375,6.149515108406663,2.3979475,22.12826939091528,11.206930999999999,25.122549199962112,20.87005,10.607604662608699,3.4761907999999995,26.356072085798807,16.744387,86.00040381113797,85.314217,62.09202747713034,68.56983000000001,23.973253136206885,20.817028,6.3962534050395075,4.855716,23.47341350147059,24.524271,22.950518994300015,26.91905
2020-04-24 00:00:00,29.48720196237597,16.8115,44.718700546608645,35.523464000000004,24.66205180335897,25.097015,3.344436736873428,0.98073876,17.976644440740735,11.195865,86.3988715085624,89.304305,70.97453172987407,78.10844,20.06049263419223,20.128614000000002,6.690230193846659,3.7541125,23.971088252459005,13.787769,26.562970584722887,20.45112,12.597834065683232,6.0727677,29.975803499112438,20.469935999999997,85.02938347998388,85.241496,57.023212497556415,64.77156,24.494925438002866,22.815329000000002,5.905501345896827,3.3064587,26.440051334558838,22.986713,22.789458862066684,22.720518
2020-04-25 00:00:00,26.285801333272442,17.618679999999998,40.33396793962584,36.071358000000004,25.32311637892308,30.230003000000004,2.7271042115919792,1.8947452,16.38417193467297,15.711896,91.19792749929188,95.364436,75.5598686399233,79.65254,21.899306058694822,23.569345000000002,6.546543694079989,4.210910299999999,21.633321645150264,18.205519,27.329472849890614,25.113144000000002,11.3027210415942,9.547018,24.234529280966466,25.14912,90.0320578330912,84.488704,66.85592982642859,59.339583999999995,24.78511154315134,28.058813,5.172400906681611,5.942124,22.232064799545444,24.32704,22.54442389526668,29.311089000000003
2020-04-26 00:00:00,12.359068205156658,12.05602,28.117606726250504,25.249147,21.015495170615363,22.79368,1.0346096116371295,1.3152149,11.774435736505126,11.431046,90.20329021424509,94.906022,77.74887243745455,83.474976,15.127461200168208,21.327170000000002,4.529553775456668,2.1333137000000004,17.134155141024586,9.781225,20.22882658303373,20.474255,5.3245609312318845,2.8864112,16.253417138264304,14.519581,88.4125978174939,85.767651,69.4209103327694,71.24807,18.872169663673365,23.267756,2.5909129544493834,1.4663237,16.6698272947549,15.521846,16.536950528949987,22.280561
2020-04-27 00:00:00,9.123123297297642,3.6033888,26.473979574913283,11.456022,21.580329125333325,15.681691,0.5931586383773584,0.15040368,10.079337770651811,2.875752,88.83762598102352,87.946872,74.90937477741507,85.07112,19.32177974104094,16.345485999999998,2.7109713156866664,0.30785865,14.963865151680311,4.7864523000000005,23.700461311057,16.040672,2.5811405500331253,0.9933783000000002,15.632335976437012,6.766253,88.1720568142454,85.956423,67.78388337428575,79.19017,21.16193861585248,15.881364000000001,1.1411059011734581,0.050683305,13.782960754602945,5.470185,20.167950509098585,15.538143
2020-04-28 00:00:00,27.37873468328984,15.029932,37.24334672578862,28.686749,22.11269414533335,21.970123,2.280023061721895,1.1513643999999998,15.848174343909728,11.1530285,72.90957021838155,75.08622150000002,58.37402316413939,63.933193,15.66592768105842,18.112188,7.36227471107333,2.015202,21.612366227800553,11.643017,23.96941954242244,18.604532,10.2889149076087,5.048899700000001,23.606395333925036,16.795391,76.62037459043589,76.904081,52.39964789872183,60.10869,20.67284348615899,19.715895,4.812883483088888,2.9913849999999997,20.43848670400911,17.266376,19.118814962149994,22.255653
2020-04-29 00:00:00,24.188367070147986,17.747729999999997,35.477092501922435,22.063046,24.940051595846136,21.04512,2.3569757159648193,2.442314,14.944146382466506,7.377098599999999,79.21944681049757,68.3043566,65.92378075111483,60.927257999999995,19.92817080556245,14.035179000000001,7.722159681353312,4.606111,19.86460809132515,11.184805,26.07898688088384,19.475105,10.156993866811586,7.300697,22.337611200591716,15.184215,76.74424867409198,59.988898999999996,56.63289490757305,44.804684,23.796344674592916,20.441005999999998,4.906711409137568,6.5399847,18.346018112437612,15.002792000000001,21.29461824675003,20.133066
2020-04-30 00:00:00,28.961715956135784,24.920567000000002,38.622464944708625,33.538635,16.71313004702564,16.713755,3.2187883054921365,3.903308,17.739589232033087,20.546667000000003,64.28723300571089,53.956056999999994,49.46951778226975,33.40939,12.55682530074707,12.361271,8.973701919356671,5.4751706,25.35862657219945,20.232622,16.83932535977273,14.528447,11.476658240372675,8.850325,25.32451679038464,24.486233,66.43623129232041,50.968029,42.5635585563024,26.481796000000003,16.503677046115893,17.32385,5.09758462297963,7.725433,20.547915551715704,21.934572,14.376602520840956,15.795554999999998
2020-05-01 00:00:00,24.576434730548325,19.778423,35.1732837339269,27.146059,22.55738428446152,22.308554,2.75822374185849,2.632772,13.193435263455486,11.137387,76.38451362034199,62.86531700000001,62.832073673143576,51.72793,16.22968639845495,9.807744999999999,7.595415486157134,6.4815335,19.146943763183064,15.564707,24.11776581937231,17.27373,9.403196090129398,8.426672,19.705369106730767,17.296495,76.12647179681196,58.695565,56.668645265530486,41.39907,19.97700513383622,12.571506,4.198722696760845,6.557090799999999,17.86909525877516,17.36608,19.662267659816656,12.505577
2020-05-02 00:00:00,22.76007813694516,5.9040365,31.564016721661996,13.225457,20.895324064769227,9.01661,2.32133395457429,0.333489,12.227175336355954,3.61976,73.11791770527816,63.754236,59.66314508563629,60.134476,14.13799051195425,6.793849499999999,7.033971731486666,0.60300285,18.3103947659836,4.6188082999999995,22.383232470045108,8.629760000000001,7.933088811739129,1.1434419,18.07512686661735,5.6658897,76.76142659636803,65.24128370000001,58.18257437658311,59.575393999999996,18.051719239008616,7.2158869999999995,3.926797205512774,0.11644560000000001,16.491413997450984,5.0095525,17.25182550063332,6.3060594000000005
2020-05-03 00:00:00,12.097214602302007,7.6689544000000005,26.650957914960983,14.496756,19.33258620856412,8.020375,0.7660792899533644,0.41191617,10.30285244714342,3.5791583,78.48396369250547,67.32081529999999,66.53093960875051,63.741657,14.364362083892441,5.597283999999999,4.3307641258833325,1.5003654,15.666439079030061,4.7090344,20.249330444927693,8.329512,3.518950798317806,1.8934779,14.72703736484221,6.2636733,81.40586573898304,66.9387983,62.232333996315795,60.675125,17.665768039415706,6.9334636,2.012612514711111,0.84936035,14.116714420931372,6.0773225,17.023383846706665,5.579330000000001
2020-05-04 00:00:00,8.470709709160136,7.349673700000001,22.60224290863603,16.947803,14.712472160615373,7.335675999999999,0.6931778011434749,0.45833194,8.598350050821233,4.124452,73.1443143734869,64.71145,60.13760626438334,60.586998,10.937162441616218,6.987281299999999,2.970050769400003,0.56997204,12.715510160218576,4.3467044999999995,14.260676375608753,7.5855429999999995,3.181266909653209,1.4982281000000002,12.402030603328393,7.0679464,75.16700855498388,61.37728439999999,57.604162569874674,54.309338000000004,13.080680688036377,8.320535000000001,1.2866442443987656,0.57928765,11.373247120612737,8.238619,12.518572704253316,6.8255973
2020-05-05 00:00:00,24.655810026353365,20.825079000000002,39.46035083181769,29.384838000000002,22.324434338102563,19.722763,2.8265629031438695,1.2977062,15.045790023699775,12.008057,89.36449419524762,78.50529700000001,73.40723962053082,66.49724,16.990272653347294,11.722255,6.443844326703325,4.767726000000001,21.20158463463114,14.01435,23.305213303460235,14.221420000000002,10.463568280590065,8.126717,23.12127338136093,16.824773999999998,87.9864582479217,70.497538,63.344345864761884,53.672764,19.452164148802694,15.196017999999999,4.909720598594268,4.7494264,21.108102390294118,17.721666,20.16446867565001,15.097022
2020-05-06 00:00:00,26.688596297049592,23.807909,36.35906033504081,31.463686,20.18797054161539,19.164773999999998,2.406599830804047,2.4637365,13.755583494818762,14.629987,66.44009688300746,57.581768999999994,52.361059113934466,42.951782,13.402197633538167,12.544030000000001,8.162782017827142,7.051197500000001,20.479942273497258,16.184706,20.671111744752903,14.478576,9.460337190072458,5.59455,20.48745928428429,17.48292,68.13494261537521,53.635397,49.009211664147884,36.152477000000005,17.684732140632192,15.701182999999999,3.774357956804233,7.913564699999999,19.318088386151963,20.764235,16.999597662783316,15.012773999999999
2020-05-07 00:00:00,19.642758860491746,22.195002,32.56617304706548,27.554567,16.522385955784628,21.226152,2.108910210140132,1.2407202,12.024629179129228,5.466219000000001,83.65735740236951,76.442583,73.44458048867911,70.976364,11.303386690955508,9.936399,5.435414326346665,4.025503,18.519950738114755,8.604044,15.480036291064943,13.846026,6.076854277194613,4.505089,18.192006291173566,12.229229,80.49825214269573,74.259373,62.94054695723058,62.03014399999999,13.89870900301724,11.967680999999999,2.8184973136086424,4.0627365,15.504116745224078,11.471774,13.625094307819028,12.162811
2020-05-08 00:00:00,17.79342358384683,25.49914,36.885823697682376,37.898365000000005,19.083410770102542,19.347357000000002,2.097469481834709,1.2404034,12.489740327368011,9.271619,87.69260682781895,81.964139,78.65595849489408,72.69252,15.16067786413053,10.917423,5.081020661103333,3.693907,19.1726552771175,13.069253999999999,18.374526081503426,14.13004,6.766138847686335,5.4670762999999996,20.218791394428013,20.92691,88.3946974569774,79.55801,70.57721071340853,58.6311,16.851776531704985,15.158745000000001,3.1169657401685176,2.7392522999999995,17.96039760387255,18.190352999999998,17.430096146466653,13.540784
2020-05-09 00:00:00,20.507592808076602,16.398937,39.090279596043395,37.326392999999996,21.985337637589748,22.270104999999997,2.1548470136045585,1.3973608999999998,13.60205277312844,13.461079000000002,89.15233045354516,95.337834,77.1140406965872,81.876755,17.54088513164113,21.917317999999998,6.642388042466653,3.6625912000000005,19.99474894952186,15.162973999999998,20.968218364608592,20.703255,8.548143983240161,4.0447545,22.320192740088757,19.301144,90.04753201150113,97.774784,70.18309815249374,78.47364,18.198085967480832,16.771437,3.5147296356627757,3.8469148,20.98480604049019,23.201813,18.434627926199997,19.677277
2020-05-10 00:00:00,13.444433904804177,7.8724704,32.76374135737128,30.314878000000004,23.12430409076925,19.916256,1.8710007900015704,0.6499227,16.875154695843168,11.475436,79.04962782024701,94.04436,60.68060901695286,82.568924,20.180540838159487,19.087862,5.181013601158089,1.3310108,21.283271124453545,13.004517,23.712239879105176,20.903059,9.707841087412008,2.9017665,21.171085175295875,18.853895,77.05199083325265,83.749765,47.79145552043859,64.89587,22.04377330924328,20.38447,5.463125790937649,0.76488584,23.318360127254916,15.934519,20.854803764133347,18.824773999999998
2020-05-11 00:00:00,7.715542909286328,7.144705,26.998358400688762,20.434060000000002,16.630201549102562,18.552217000000002,0.7839324037873424,0.703327,10.648617121276605,9.320705,78.38641944997657,77.18072099999999,64.27235583991262,67.860016,15.115743146783787,16.567648000000002,2.3367413689878567,1.9754491000000003,12.714756467868852,11.193857000000001,17.724202302866086,19.156168,2.5816997409523803,2.9992588,15.276879986587772,14.188844,77.07319921517357,63.427468999999995,55.60164234897869,49.238625,15.953595765828538,19.022856,1.0454988120111108,0.9420746999999999,13.31420404723038,11.62732,16.095542211859982,16.039682
2020-05-12 00:00:00,19.19293845796346,20.268196,34.11878202285779,28.230303000000003,21.12033384912821,26.110445000000002,2.585315131229756,2.0911512,13.84006194542948,15.077148000000001,86.1012447311542,82.58841799999998,70.87910562415843,67.51127,16.971176597966874,22.084442000000003,6.517655083909989,3.830598,18.023437267315575,13.1452675,20.015949295671,20.178513,8.29994176770186,5.668913400000001,20.86584429427303,20.644367000000003,86.46334136666664,76.185344,65.92549954947364,55.540977000000005,18.5664287660201,22.471613,3.958116558905292,7.563756,17.030183564006233,22.589893,18.058615286616693,26.21827
2020-05-13 00:00:00,21.92909457040905,12.9846525,30.44772748491395,20.562383999999998,19.034936337692322,13.494372,2.6752143863879736,0.9437456,12.718704063628836,7.128718400000001,75.31656858534062,63.207158400000004,60.16156145159539,56.07844,13.983963851380377,9.634116,7.603428935656657,5.323482,17.78328926793031,8.896147000000001,18.285553332900434,10.263782,7.060037189197721,2.5677798,16.585408834245573,9.160661,78.34166306303473,59.917971,60.019651643446174,50.75731,15.487823698347706,7.899717,3.0418280990321005,8.39653,15.671996956176477,13.065007000000001,15.243335302143352,11.389816999999999
2020-05-14 00:00:00,23.554282482724105,15.616,35.1642303103002,23.983692,19.856917300153842,18.906064999999998,2.11510626485102,2.839937,12.62974095004728,9.644277,75.16670590143285,56.80423100000001,62.07001257325822,47.159954,15.035652716390011,15.596189,7.511210928926665,5.2317919999999996,19.721102008743166,10.790213,20.550992353728365,19.507744,6.355283641464804,3.3624341,18.796829585083835,9.916041,77.62478817869246,59.369094,59.69502501902257,49.453053000000004,16.615352180172422,15.258723999999999,3.415694927842738,4.824550599999999,18.10465728921867,14.254354000000001,18.62900488121665,16.055182000000002
2020-05-15 00:00:00,19.71296722404576,21.915356,31.110695365182757,26.66135,22.767654791538448,20.053648000000003,2.3221968109272804,0.8396579,12.360190309397172,6.254509400000001,79.25547489229928,67.1068194,66.80700887104555,60.852309999999996,18.76197092783836,17.366766000000002,7.256623076706658,4.6344332999999995,17.566141587021846,10.512655,21.963759208376615,21.450607,6.467078637380957,5.536644,15.715289440976335,12.7516985,80.1905629079903,66.91305849999999,61.98464513973684,54.161359999999995,18.59050305498084,17.77471,3.550572310653706,1.714854,17.079038656617666,12.365938,19.68401219715,16.917773999999998
2020-05-16 00:00:00,25.093035131940816,12.358389,34.24078853226957,26.806890000000003,15.851861066025634,14.247788,2.204723372538522,0.58975834,13.292086546371731,7.261713499999999,68.9225353839155,75.1378935,56.0227448443941,67.87618,11.04726156207273,13.730518,8.057215857483333,5.166611,20.00087095491805,13.585131,15.627637115245118,17.507906,7.773606270741203,2.4104542999999996,21.02857611651873,12.647824,71.55608220635587,75.332844,51.93343241009401,62.685019999999994,13.965292216858234,14.972939000000002,3.893117785595268,1.414778,16.767001406539666,11.368456,13.277537622723328,12.173655499999999
2020-05-17 00:00:00,12.675468441666656,6.5234175,29.5828419500529,18.190586,18.21353516374359,13.464645,1.321101904152854,0.3335112,13.367127671496108,5.7157273,71.21894869609548,71.22906329999998,57.37117154578698,65.513336,15.131692005323414,16.775639,5.375808796136666,1.7407221999999998,19.773858491871607,8.525215,19.027227753486667,15.603147,5.005321481190475,1.7558527,21.226234485157796,10.228971000000001,72.64450881638417,66.53954499999999,49.683834732042634,56.310574,17.34067916882183,14.420248999999998,2.7912280029716063,0.9107079,18.502643617450982,9.158230999999999,16.73721110038333,13.820634
2020-05-18 00:00:00,8.257247256261964,5.765541000000001,25.943626020636135,18.270761,15.816993949230783,17.764055,0.7510213167295593,1.055609,10.168147003664304,7.915398599999999,64.31158888124718,55.701493600000006,52.042088421940846,47.786095,12.901841504126647,17.417604,2.6135707100461922,1.9884567,12.90093552333333,8.668863,16.847041906885572,18.57698,2.7663460354554843,2.2497072,16.841808358530578,12.271455,66.05022849882968,53.487912,48.16497709319551,41.216457,15.1038327171456,19.117722,1.080903760482717,1.0803791,13.38545507848041,10.02957,14.180494674166681,17.02814
2020-05-19 00:00:00,18.762491752136658,19.938595,35.86846096449246,30.837957,22.59787435292308,22.155167000000002,1.9761152190290878,1.5352165,11.955822562679268,8.349892,89.53264487849745,86.288162,75.32733900905139,77.93826999999999,17.39020594446934,19.9653,6.382601190283316,4.856107,17.893290958538273,12.275526,20.532114008253977,18.887043,6.157392293053827,11.475583,20.647951223915186,16.484709,89.185744121469,81.91497899999997,64.46126384058896,65.43027,18.345174373942942,19.534716,3.1565514110884934,6.3046913,18.113900299166673,20.687918,19.346931933300016,22.439529999999998
2020-05-20 00:00:00,23.659570084251527,14.889447,37.58672930827999,38.73697,16.568855349589736,23.308305999999998,2.2957246873042454,2.4735456,14.638550902383777,17.400238,64.64871919944788,86.42259200000002,52.179997039654054,69.022354,12.205835273402249,22.585855,6.372942850383332,5.441202,19.91996050116121,20.577118,16.531792338369417,20.06725,8.475748854265015,4.7704835,23.71096755115525,23.848415,69.88538295770778,77.837261,47.170839172251476,53.988845999999995,14.943579097198276,23.896843,3.818227721352438,6.158980000000001,18.415024161811402,25.077442,14.474864171416677,23.811422
2020-05-21 00:00:00,17.754077798981733,18.18001,29.35168083851118,30.756771,16.289168512256417,24.838074,1.6270902537584522,0.45917144,9.090935749196214,6.6724385999999996,79.2764291328992,71.25616860000002,69.24254171669847,64.58373,10.87089379846218,16.1906,4.897419466716664,5.325074,17.265150628483617,14.412501,14.66002488647406,22.89242,4.273212792665633,3.1786802000000005,15.221551934911249,16.23218,79.20936857866832,72.718928,64.28977672644953,56.486748,12.533338263448279,19.784184,1.7923329563802461,1.7461468,12.369947265122544,10.954788,11.882234234733332,16.283151999999998
2020-05-22 00:00:00,20.722686325874687,5.560522,37.368748703791496,18.078424,19.86550380251281,13.142717999999999,2.2090298429992137,0.4144643,13.139755413333335,5.275969,88.52923058379325,76.68764900000002,75.05933291848406,71.41168,15.50350627120896,15.587987,6.513335254477131,1.0913538,20.32996196885245,7.579658,19.196549550130765,13.645126000000001,7.4507710216563146,1.4941082,21.081525694181465,9.476593,86.864067087389,76.691763,66.60110195360907,67.21517,16.717295267528755,14.230973,3.198519476378219,0.36086333,19.00257546887255,9.014766,17.082982702007143,12.3810425
2020-05-23 00:00:00,20.201259704073127,11.472977,37.88111329369747,30.575819,19.934653868666672,18.238764,1.9996747228183973,0.82640034,12.968798087257683,9.030483,89.2785394806279,94.601943,76.24887228813667,85.57146,16.08651909201274,21.450703,6.794174712325698,4.8151383,20.22198324624318,14.703391,18.69851806315836,19.383823,7.111610289658386,3.087719,21.585079037573976,16.390997,87.87636501801852,96.756437,67.69575581407265,80.36544,16.47273235957856,19.173267000000003,3.0600002597177247,3.2085838,18.99393847666667,18.033527,16.377344953999998,20.742586
2020-05-24 00:00:00,11.29435396405259,5.2731237,25.578023735464186,18.446360000000002,17.746087681794876,17.392822,1.051248956785377,0.32939464,9.268218924665097,5.7852807,82.32699826638749,97.3619507,70.28282806530785,91.57667,15.050533602132742,18.640333,4.489983993063329,1.6715109000000001,14.70507667950819,8.51266,18.896130881634043,17.855677,3.3384301610144935,1.2394858999999998,13.947302997460564,8.395906,82.24049763087163,94.527002,63.20997481983712,86.131096,17.306087506345776,17.413454,1.6399858955413578,0.45518450000000005,12.862504005511203,8.795922000000001,17.645304294652387,17.389666000000002
2020-05-25 00:00:00,7.230996917536984,4.8689833,18.827986409930638,10.887982000000001,14.548714569153837,6.626251700000001,0.2855547933985456,0.19423458,5.012633446840034,1.1441267,86.06819484451235,80.8144867,78.71056842478532,79.67036,11.369885954866978,11.005317,2.4449558869085735,0.32230386,8.963678458681697,1.9818016,12.917660441612734,7.864367999999999,1.4830322700465832,0.8799534999999999,9.363944204289933,3.5176953999999996,86.92819337798632,80.53734539999998,72.1842473202005,77.01965,12.7744349732998,7.737501600000001,1.2746003985092598,0.2585755,10.990649693060929,3.1112373,10.977863009149987,6.6884995
2020-05-26 00:00:00,16.991399826044383,17.545368,30.027232925802732,26.893634999999996,17.575764047974353,15.056751,2.464513053964226,0.6973769000000001,11.156387779436557,7.146405000000001,80.61318281400278,66.307519,67.44575000380557,59.161114000000005,13.059066467652778,11.650501,5.122870061348569,3.0399818,16.75126179603826,8.53544,16.40619905671537,10.102775,5.095330330843683,2.4443773999999996,15.862745588067057,11.802866999999999,84.32161980500399,68.284537,64.08629757726818,56.481669999999994,14.585301980411884,9.894036,2.8064817351987656,1.5803447,14.832866819142161,12.851125999999999,15.19536313709906,8.791149
2020-05-27 00:00:00,15.443689298785907,16.533865,28.09873240631102,20.33569,14.405924379871797,13.993992,1.3701159711222481,0.7853034999999999,7.380983814527186,3.8360875,81.00946225425186,64.8978875,68.25036592981067,61.0618,9.452614401743132,11.522828,5.126452970416666,3.6316817,14.604310852390723,7.0407033,12.302326563415052,10.480784,4.519079370559004,2.484685,14.804957944699208,7.9718275,81.41546026969333,67.8215675,62.69623352950296,59.849740000000004,12.26289097056991,9.551741,1.8258884280746908,1.3641753,9.700431293357832,6.838474000000001,10.961830615806667,6.7252350000000005
2020-05-28 00:00:00,16.64194228893386,16.212595,29.39408630471523,25.703506,17.47142855105128,16.831394,2.3261006010125778,0.5915776999999999,7.20953031415288,5.006117,85.35913501978058,76.99242199999999,76.94225037430232,71.986305,12.4277455984474,14.933136,4.913862630711902,2.9871258999999997,15.749534653483611,8.448247,13.561384186603709,11.98382,5.714062065423686,3.6765206,14.47760206459565,12.323246000000001,87.277742153527,80.74613599999998,70.14613716992065,68.42289,13.51704747734674,10.659104,2.780448380946296,1.6793232,13.440709600573518,11.675154,13.369354937139038,10.336219
2020-05-29 00:00:00,15.381020871718889,20.584728,30.536139041299865,33.58634,14.188944917128206,24.947947,2.0580688062150183,1.7410116999999998,10.139496307442863,11.222469,82.98681965669009,82.01631900000002,73.84856872435108,70.79385,10.050383787448748,15.958467,4.302357236641902,3.3066218000000003,14.487180419896575,10.984948,12.743837029015333,15.026054,4.256802562468942,4.758411,15.194963229659763,17.4003,85.14780379404763,81.77580999999999,67.7324854317043,64.37550999999999,11.899009866930083,16.746225,1.643949438462964,5.2210093,14.568835359220593,17.681355,11.772126316139994,13.210622
2020-05-30 00:00:00,15.08316469621409,10.016535000000001,24.928479785309108,17.43369,14.342825567292305,13.744526,0.6367423216722258,0.2866978,5.248823014854219,2.2163146,85.18107464580167,83.88828860000002,79.43203152323791,81.671974,9.695657339966004,12.931282000000001,4.443293298269995,2.6487105,14.790338960689896,7.395144999999999,12.2137689317307,10.199769,3.2680099951708086,1.9622619,12.750783184861922,7.908680400000001,85.50860221989907,82.47552040000001,70.06961166801172,74.56684,11.703427772102485,10.481425,1.3884111564537047,0.86983407,8.466364720299017,4.972533,11.833332515066674,9.738545
2020-05-31 00:00:00,10.922775585596163,8.846544,26.706059539775914,19.114794,16.342443527000007,8.757135,1.1486720698219346,0.46786106,10.454521809385348,4.6131964000000005,81.20657052837295,74.03221640000002,70.80577865453262,69.41901999999999,12.201664391194413,11.203666,4.1217918163333325,1.3139198,15.791568640573765,6.7754765,16.38505753440657,11.890243,3.2363781503830222,1.4855368999999998,15.42445890133137,7.443192999999999,81.90223071509284,74.48809299999998,63.89936776146619,67.0449,14.224763011781612,9.726068,2.1388079621895066,0.6227116,15.329564459730399,6.9360857000000005,14.28962490241999,9.773094
